+०१ कच्चायनब्याकरणम् 	 09_byAkaraNa_gantha-sangaho/01_kachchAyanabyAkaraNaM/
+०१ चूळगन्थवंस 	 08_vaMsa-gantha-sangaho/01_chULaganthavaMsa/
+०१ दीघनिकाय 	 05_sangAyana-puchCha_vissajjanA/01_dIghanikAya/
+०१ नमक्कारटीका 	 07_buddha-vandanA_gantha-sangaho/01_namakkAraTIkA/
+०१ निरुत्तिदीपनी 	 06_leDI_sayADo_gantha-sangaho/01_niruttidIpanI/
+०१ मोग्गल्लान वुत्तिविवरणपञ्चिका 	 12_sihaLa-gantha-sangaho/01_moggallAna_vuttivivaraNapanchikA/
+०१ रसवाहिनी 	 11_pakiNNaka-gantha-sangaho/01_rasavAhinI/
+०१ लोकनीति 	 10_nIti-gantha-sangaho/01_lokanIti/
+०१ विसुद्धिमग्ग-१ 	 04_visuddhimagga/01_visuddhimagga-1/
+०२ थूपवंस 	 12_sihaLa-gantha-sangaho/02_thUpavaMsa/
+०२ परमत्थदीपनी सङ्गहमहाटीकापाठ 	 06_leDI_sayADo_gantha-sangaho/02_paramatthadIpanI_sangahamahATIkApATha/
+०२ मज्झिमनिकाय 	 05_sangAyana-puchCha_vissajjanA/02_majjhimanikAya/
+०२ महापणामपाठ 	 07_buddha-vandanA_gantha-sangaho/02_mahApaNAmapATha/
+०२ महावंस 	 08_vaMsa-gantha-sangaho/02_mahAvaMsa/
+०२ मोग्गल्लानब्याकरणम् 	 09_byAkaraNa_gantha-sangaho/02_moggallAnabyAkaraNaM/
+०२ विसुद्धिमग्ग-२ 	 04_visuddhimagga/02_visuddhimagga-2/
+०२ सीमविसोधनीपाठ 	 11_pakiNNaka-gantha-sangaho/02_sImavisodhanIpATha/
+०२ सुत्तन्तनीति 	 10_nIti-gantha-sangaho/02_suttantanIti/
+०३ अनुदीपनीपाठ 	 06_leDI_sayADo_gantha-sangaho/03_anudIpanIpATha/
+०३ दाठावंस 	 12_sihaLa-gantha-sangaho/03_dAThAvaMsa/
+०३ लक्खणातो बुद्धथोमनागाथा 	 07_buddha-vandanA_gantha-sangaho/03_lakkhaNAto_buddhathomanAgAthA/
+०३ विसुद्धिमग्ग-महाटीका-१ 	 04_visuddhimagga/03_visuddhimagga-mahATIkA-1/
+०३ वेस्सन्तरगीति 	 11_pakiNNaka-gantha-sangaho/03_vessantaragIti/
+०३ सद्दनीतिप्पकरणं पदमाला 	 09_byAkaraNa_gantha-sangaho/03_saddanItippakaraNaM_padamAlA/
+०३ संयुत्तनिकाय 	 05_sangAyana-puchCha_vissajjanA/03_saMyuttanikAya/
+०३ सासनवंस 	 08_vaMsa-gantha-sangaho/03_sAsanavaMsa/
+०३ सूरस्सतिनीति 	 10_nIti-gantha-sangaho/03_sUrassatinIti/
+०४ अङ्गुत्तरनिकाय 	 05_sangAyana-puchCha_vissajjanA/04_anguttaranikAya/
+०४ धातुपाठविलासिनिया 	 12_sihaLa-gantha-sangaho/04_dhAtupAThavilAsiniyA/
+०४ पट्ठानुद्देस दीपनीपाठ 	 06_leDI_sayADo_gantha-sangaho/04_paTThAnuddesa_dIpanIpATha/
+०४ महारहनीति 	 10_nIti-gantha-sangaho/04_mahArahanIti/
+०४ विसुद्धिमग्ग 	 04_visuddhimagga/
+०४ विसुद्धिमग्ग-महाटीका-२ 	 04_visuddhimagga/04_visuddhimagga-mahATIkA-2/
+०४ सद्दनीतिप्पकरणं धातुमाला 	 09_byAkaraNa_gantha-sangaho/04_saddanItippakaraNaM_dhAtumAlA/
+०४ सुतवन्दना 	 07_buddha-vandanA_gantha-sangaho/04_sutavandanA/
+०५ कमलाञ्जलि 	 07_buddha-vandanA_gantha-sangaho/05_kamalAnjali/
+०५ धम्मनीति 	 10_nIti-gantha-sangaho/05_dhammanIti/
+०५ धातुवंस 	 12_sihaLa-gantha-sangaho/05_dhAtuvaMsa/
+०५ पदरूपसिद्धि 	 09_byAkaraNa_gantha-sangaho/05_padarUpasiddhi/
+०५ विनयपिटक 	 05_sangAyana-puchCha_vissajjanA/05_vinayapiTaka/
+०५ विसुद्धिमग्ग निदानकथा 	 04_visuddhimagga/05_visuddhimagga_nidAnakathA/
+०५ सङ्गायन-पुच्छ विस्सज्जना 	 05_sangAyana-puchCha_vissajjanA/
+०६ अभिधम्मपिटक 	 05_sangAyana-puchCha_vissajjanA/06_abhidhammapiTaka/
+०६ कविदप्पणनीति 	 10_nIti-gantha-sangaho/06_kavidappaNanIti/
+०६ जिनालङ्कार 	 07_buddha-vandanA_gantha-sangaho/06_jinAlankAra/
+०६ मोगल्लानपञ्चिका 	 09_byAkaraNa_gantha-sangaho/06_mogallAnapanchikA/
+०६ लेडी सयाडो गन्थ-सङ्गहो 	 06_leDI_sayADo_gantha-sangaho/
+०६ हत्थवनगल्लविहारवंस 	 12_sihaLa-gantha-sangaho/06_hatthavanagallavihAravaMsa/
+०७ अट्ठकथा 	 05_sangAyana-puchCha_vissajjanA/07_aTThakathA/
+०७ जिनचरितय 	 12_sihaLa-gantha-sangaho/07_jinacharitaya/
+०७ नीतिमञ्जरी 	 10_nIti-gantha-sangaho/07_nItimanjarI/
+०७ पज्जमधु 	 07_buddha-vandanA_gantha-sangaho/07_pajjamadhu/
+०७ पयोगसिद्धिपाठ 	 09_byAkaraNa_gantha-sangaho/07_payogasiddhipATha/
+०७ बुद्ध-वन्दना गन्थ-सङ्गहो 	 07_buddha-vandanA_gantha-sangaho/
+०८ जिनवंसदीपम् 	 12_sihaLa-gantha-sangaho/08_jinavaMsadIpaM/
+०८ नरदक्खदीपनी 	 10_nIti-gantha-sangaho/08_naradakkhadIpanI/
+०८ बुद्धगुणगाथावली 	 07_buddha-vandanA_gantha-sangaho/08_buddhaguNagAthAvalI/
+०८ वंस-गन्थ-सङ्गहो 	 08_vaMsa-gantha-sangaho/
+०८ वुत्तोदयपाठ 	 09_byAkaraNa_gantha-sangaho/08_vuttodayapATha/
+०९ अभिधानप्पदीपिकापाठ 	 09_byAkaraNa_gantha-sangaho/09_abhidhAnappadIpikApATha/
+०९ चतुरारक्खदीपनी 	 10_nIti-gantha-sangaho/09_chaturArakkhadIpanI/
+०९ तेलकटाहगाथा 	 12_sihaLa-gantha-sangaho/09_telakaTAhagAthA/
+०९ ब्याकरण गन्थ-सङ्गहो 	 09_byAkaraNa_gantha-sangaho/
+१० अभिधानप्पदीपिकाटीका 	 09_byAkaraNa_gantha-sangaho/10_abhidhAnappadIpikATIkA/
+१० चाणक्यनीति 	 10_nIti-gantha-sangaho/10_chANakyanIti/
+१० नीति-गन्थ-सङ्गहो 	 10_nIti-gantha-sangaho/
+१० मिलिदटीका 	 12_sihaLa-gantha-sangaho/10_milidaTIkA/
+११ पकिण्णक-गन्थ-सङ्गहो 	 11_pakiNNaka-gantha-sangaho/
+११ पदमञ्जरी 	 12_sihaLa-gantha-sangaho/11_padamanjarI/
+११ सुबोधालङ्कारपाठ 	 09_byAkaraNa_gantha-sangaho/11_subodhAlankArapATha/
+१२ पदसाधनम् 	 12_sihaLa-gantha-sangaho/12_padasAdhanaM/
+१२ सिहळ-गन्थ-सङ्गहो 	 12_sihaLa-gantha-sangaho/
+१२ सुबोधालङ्कारटीका 	 09_byAkaraNa_gantha-sangaho/12_subodhAlankAraTIkA/
+१३ बालावतार गण्ठिपदत्थविनिच्छयसार 	 09_byAkaraNa_gantha-sangaho/13_bAlAvatAra_gaNThipadatthavinichChayasAra/
+१३ सद्दबिन्दुपकरणम् 	 12_sihaLa-gantha-sangaho/13_saddabindupakaraNaM/
+१४ कच्चायनधातुमञ्जुसा 	 12_sihaLa-gantha-sangaho/14_kachchAyanadhAtumanjusA/
+१५ सामन्तकूटवण्णना 	 12_sihaLa-gantha-sangaho/15_sAmantakUTavaNNanA/
+पाळि 	 
० अङ्गुत्तरनिकाये 	 05_sangAyana-puchCha_vissajjanA/04_anguttaranikAya/0_anguttaranikAye/
० अट्ठकथा 	 05_sangAyana-puchCha_vissajjanA/07_aTThakathA/0_aTThakathA/
० अभिधम्मपिटक 	 05_sangAyana-puchCha_vissajjanA/06_abhidhammapiTaka/0_abhidhammapiTaka/
० अभिधानप्पदीपिका 	 09_byAkaraNa_gantha-sangaho/09_abhidhAnappadIpikApATha/0_abhidhAnappadIpikA/
० कच्चायन धातु मञ्जूसा 	 12_sihaLa-gantha-sangaho/14_kachchAyanadhAtumanjusA/0_kachchAyana_dhAtu_manjUsA/
० कच्‍चायनब्याकरणम् 	 09_byAkaraNa_gantha-sangaho/01_kachchAyanabyAkaraNaM/0_kachchAyanabyAkaraNam/
० कमलाञ्जलि 	 07_buddha-vandanA_gantha-sangaho/05_kamalAnjali/0_kamalAnjali/
० गन्थारम्भ 	 09_byAkaraNa_gantha-sangaho/10_abhidhAnappadIpikATIkA/0_ganthArambha/
० चतुरारक्खदीपनी 	 10_nIti-gantha-sangaho/09_chaturArakkhadIpanI/0_chaturArakkhadIpanI/
० चाणक्यनीतिपाळि 	 10_nIti-gantha-sangaho/10_chANakyanIti/0_chANakyanItipALi/
० जिनचरितय 	 12_sihaLa-gantha-sangaho/07_jinacharitaya/0_jinacharitaya/
० जिनवंसदीपम् 	 12_sihaLa-gantha-sangaho/08_jinavaMsadIpaM/0_jinavaMsadIpam/
० तेलकटाहगाथा 	 12_sihaLa-gantha-sangaho/09_telakaTAhagAthA/0_telakaTAhagAthA/
० दाठावंसो 	 12_sihaLa-gantha-sangaho/03_dAThAvaMsa/0_dAThAvaMso/
० धम्मनीति 	 10_nIti-gantha-sangaho/05_dhammanIti/0_dhammanIti/
० धातुपाठ विलासिनिया 	 12_sihaLa-gantha-sangaho/04_dhAtupAThavilAsiniyA/0_dhAtupATha_vilAsiniyA/
० नमक्‍कारपाळि 	 07_buddha-vandanA_gantha-sangaho/01_namakkAraTIkA/0_namakkArapALi/
० नीतिमञ्‍जरी 	 10_nIti-gantha-sangaho/07_nItimanjarI/0_nItima~njarI/
० पज्जमधु 	 07_buddha-vandanA_gantha-sangaho/07_pajjamadhu/0_pajjamadhu/
० पणामगाथा 	 10_nIti-gantha-sangaho/03_sUrassatinIti/0_paNAmagAthA/
० पण्डितकथा 	 10_nIti-gantha-sangaho/04_mahArahanIti/0_paNDitakathA/
० पदमञ्‍जरी 	 12_sihaLa-gantha-sangaho/11_padamanjarI/0_padama~njarI/
० पदसाधनम् 	 12_sihaLa-gantha-sangaho/12_padasAdhanaM/0_padasAdhanam/
० बालावतार 	 09_byAkaraNa_gantha-sangaho/13_bAlAvatAra_gaNThipadatthavinichChayasAra/0_bAlAvatAra/
० बुद्धगुणगाथावली 	 07_buddha-vandanA_gantha-sangaho/08_buddhaguNagAthAvalI/0_buddhaguNagAthAvalI/
० बुद्धथोमनागाथा 	 07_buddha-vandanA_gantha-sangaho/03_lakkhaNAto_buddhathomanAgAthA/0_buddhathomanAgAthA/
० महापणामपाठ 	 07_buddha-vandanA_gantha-sangaho/02_mahApaNAmapATha/0_mahApaNAmapATha/
० मिलिदटीका 	 12_sihaLa-gantha-sangaho/10_milidaTIkA/0_milidaTIkA/
० मूलपण्णासपाळि 	 05_sangAyana-puchCha_vissajjanA/02_majjhimanikAya/0_mUlapaNNAsapALi/
० मोग्गल्‍लान पञ्‍चिका टीका 	 09_byAkaraNa_gantha-sangaho/06_mogallAnapanchikA/0_moggallAna_pa~nchikA_TIkA/
० मोग्गल्‍लान वुत्तिविवरणपञ्‍चिका। 	 12_sihaLa-gantha-sangaho/01_moggallAna_vuttivivaraNapanchikA/0_moggallAna_vuttivivaraNapa~nchikA/
० मोग्गल्‍लानसुत्तपाठो 	 09_byAkaraNa_gantha-sangaho/02_moggallAnabyAkaraNaM/0_moggallAnasuttapATho/
० रसवाहिनी 	 11_pakiNNaka-gantha-sangaho/01_rasavAhinI/0_rasavAhinI/
० वेस्सन्तरागीति 	 11_pakiNNaka-gantha-sangaho/03_vessantaragIti/0_vessantarAgIti/
० सगाथावग्गपाळि 	 05_sangAyana-puchCha_vissajjanA/03_saMyuttanikAya/0_sagAthAvaggapALi/
० संगायनस्स पुच्छा विस्सज्‍जना 	 05_sangAyana-puchCha_vissajjanA/05_vinayapiTaka/0_saMgAyanassa_puchChA_vissajjanA/
० सद्दबिन्दु पकरणम् 	 12_sihaLa-gantha-sangaho/13_saddabindupakaraNaM/0_saddabindu_pakaraNam/
० समन्तकूटवण्णना 	 12_sihaLa-gantha-sangaho/15_sAmantakUTavaNNanA/0_samantakUTavaNNanA/
० सीमविसोधनी 	 11_pakiNNaka-gantha-sangaho/02_sImavisodhanIpATha/0_sImavisodhanI/
० सीलक्खन्धवग्गसुत्त 	 05_sangAyana-puchCha_vissajjanA/01_dIghanikAya/0_sIlakkhandhavaggasutta/
० सुत्तन्तनीति 	 10_nIti-gantha-sangaho/02_suttantanIti/0_suttantanIti/
० सुत्तवन्दना 	 07_buddha-vandanA_gantha-sangaho/04_sutavandanA/0_suttavandanA/
० हत्थवनगल्‍लविहार वंसो 	 12_sihaLa-gantha-sangaho/06_hatthavanagallavihAravaMsa/0_hatthavanagallavihAra_vaMso/
०० गन्थारब्भकथा 	 06_leDI_sayADo_gantha-sangaho/02_paramatthadIpanI_sangahamahATIkApATha/00_ganthArabbhakathA/
०० गन्थारम्भकथा 	 09_byAkaraNa_gantha-sangaho/03_saddanItippakaraNaM_padamAlA/00_ganthArambhakathA/
०० थुपवंसो 	 12_sihaLa-gantha-sangaho/02_thUpavaMsa/00_thupavaMso/
०० नरदक्खदीपनी 	 10_nIti-gantha-sangaho/08_naradakkhadIpanI/00_naradakkhadIpanI/
०० पठमो भागो 	 04_visuddhimagga/03_visuddhimagga-mahATIkA-1/00_paThamo_bhAgo/
०० पणामदीपनीगाथा 	 07_buddha-vandanA_gantha-sangaho/06_jinAlankAra/00_paNAmadIpanIgAthA/
०० पथमपरिच्छेद 	 08_vaMsa-gantha-sangaho/02_mahAvaMsa/00_pathamaparichCheda/
०० महावंस-बुद्धघोसकथा 	 04_visuddhimagga/05_visuddhimagga_nidAnakathA/00_mahAvaMsa-buddhaghosakathA/
०० मातिका 	 10_nIti-gantha-sangaho/06_kavidappaNanIti/00_mAtikA/
०० विसुद्धिमग्गो 	 04_visuddhimagga/01_visuddhimagga-1/00_visuddhimaggo/
०० सासनवंसप्पदीपिका 	 08_vaMsa-gantha-sangaho/03_sAsanavaMsa/00_sAsanavaMsappadIpikA/
०१ अभिनीहार कथा 	 12_sihaLa-gantha-sangaho/02_thUpavaMsa/01_abhinIhAra_kathA/
०१ जातिदेसविचारणा 	 04_visuddhimagga/05_visuddhimagga_nidAnakathA/01_jAtidesavichAraNA/
०१ दुतियपरिच्छेद 	 08_vaMsa-gantha-sangaho/02_mahAvaMsa/01_dutiyaparichCheda/
०१ पणाम 	 10_nIti-gantha-sangaho/08_naradakkhadIpanI/01_paNAma/
०१ पथमगाथा-परमत्थदीपनी 	 06_leDI_sayADo_gantha-sangaho/02_paramatthadIpanI_sangahamahATIkApATha/01_pathamagAthA-paramatthadIpanI/
०१ योगावचरसम्पत्तिदीपनीगाथा 	 07_buddha-vandanA_gantha-sangaho/06_jinAlankAra/01_yogAvacharasampattidIpanIgAthA/
०१ रतनत्तयपणाम 	 10_nIti-gantha-sangaho/06_kavidappaNanIti/01_ratanattayapaNAma/
०१. उपसम्पदाकण्डो 	 11_pakiNNaka-gantha-sangaho/02_sImavisodhanIpATha/01_upasampadAkaNDo/
०१. चित्तसङ्गहअनुदीपना 	 06_leDI_sayADo_gantha-sangaho/03_anudIpanIpATha/01_chittasangahaanudIpanA/
०१. तथागतस्सागमनकथा 	 12_sihaLa-gantha-sangaho/05_dhAtuvaMsa/01_tathAgatassAgamanakathA/
०१. दोसावबोध पठमपरिच्छेद 	 09_byAkaraNa_gantha-sangaho/12_subodhAlankAraTIkA/01_dosAvabodha_paThamaparichCheda/
०१. दोसावबोध-पठमपरिच्छेद 	 09_byAkaraNa_gantha-sangaho/11_subodhAlankArapATha/01_dosAvabodha-paThamaparichCheda/
०१. नवट्ठानागतसासनवंसकथामग्गो 	 08_vaMsa-gantha-sangaho/03_sAsanavaMsa/01_navaTThAnAgatasAsanavaMsakathAmaggo/
०१. पठमकण्डवण्णना 	 09_byAkaraNa_gantha-sangaho/06_mogallAnapanchikA/01_paThamakaNDavaNNanA/
०१. पठमो सञ्‍ञादिकण्डो 	 09_byAkaraNa_gantha-sangaho/02_moggallAnabyAkaraNaM/01_paThamo_sa~n~nAdikaNDo/
०१. पण्डितकण्डो 	 10_nIti-gantha-sangaho/01_lokanIti/01_paNDitakaNDo/
०१. पिटकत्तयपरिच्छेदो 	 08_vaMsa-gantha-sangaho/01_chULaganthavaMsa/01_piTakattayaparichChedo/
०१. बुद्धानुस्सति निद्देस 	 10_nIti-gantha-sangaho/09_chaturArakkhadIpanI/01_buddhAnussati_niddesa/
०१. सग्गकण्ड 	 09_byAkaraNa_gantha-sangaho/09_abhidhAnappadIpikApATha/01_saggakaNDa/
०१. सग्गकण्डवण्णना 	 09_byAkaraNa_gantha-sangaho/10_abhidhAnappadIpikATIkA/01_saggakaNDavaNNanA/
०१. सञ्‍ञादिकण्ड 	 09_byAkaraNa_gantha-sangaho/07_payogasiddhipATha/01_sa~n~nAdikaNDa/
०१. सञ्‍ञापरिभासानिद्देस-पठमपरिच्छेद 	 09_byAkaraNa_gantha-sangaho/08_vuttodayapATha/01_sa~n~nAparibhAsAniddesa-paThamaparichCheda/
०१. सन्धि कण्ड 	 09_byAkaraNa_gantha-sangaho/13_bAlAvatAra_gaNThipadatthavinichChayasAra/01_sandhi_kaNDa/
०१. सन्धिकण्ड 	 06_leDI_sayADo_gantha-sangaho/01_niruttidIpanI/01_sandhikaNDa/
०१. सन्धिकण्ड 	 09_byAkaraNa_gantha-sangaho/05_padarUpasiddhi/01_sandhikaNDa/
०१. सन्धिकप्प 	 09_byAkaraNa_gantha-sangaho/01_kachchAyanabyAkaraNaM/01_sandhikappa/
०१. सविकरणाख्यातविभाग 	 09_byAkaraNa_gantha-sangaho/03_saddanItippakaraNaM_padamAlA/01_savikaraNAkhyAtavibhAga/
०१. सीलनिद्देसवण्णना 	 04_visuddhimagga/03_visuddhimagga-mahATIkA-1/01_sIlaniddesavaNNanA/
०१. सीलनिद्देसो 	 04_visuddhimagga/01_visuddhimagga-1/01_sIlaniddeso/
०१. हेतुपच्‍चयो 	 06_leDI_sayADo_gantha-sangaho/04_paTThAnuddesa_dIpanIpATha/01_hetupachchayo/
०२ चूळामणिदुस्स थुपद्वयकथा 	 12_sihaLa-gantha-sangaho/02_thUpavaMsa/02_chULAmaNidussa_thupadvayakathA/
०२ ततिय परिच्छेद 	 08_vaMsa-gantha-sangaho/02_mahAvaMsa/02_tatiya_parichCheda/
०२ दुतीयगाथा-परमत्थदीपनी 	 06_leDI_sayADo_gantha-sangaho/02_paramatthadIpanI_sangahamahATIkApATha/02_dutIyagAthA-paramatthadIpanI/
०२ नरदक्खदीपकस्स, 	 10_nIti-gantha-sangaho/08_naradakkhadIpanI/02_naradakkhadIpakassa/
०२ पण्डितकण्ड 	 10_nIti-gantha-sangaho/06_kavidappaNanIti/02_paNDitakaNDa/
०२ ब्राह्मणकुलविचारणा 	 04_visuddhimagga/05_visuddhimagga_nidAnakathA/02_brAhmaNakulavichAraNA/
०२ वत्थुविसोधनीगाथा 	 07_buddha-vandanA_gantha-sangaho/06_jinAlankAra/02_vatthuvisodhanIgAthA/
०२. आरम्मणपच्‍चयो 	 06_leDI_sayADo_gantha-sangaho/04_paTThAnuddesa_dIpanIpATha/02_ArammaNapachchayo/
०२. कप्पविनासकण्डो 	 11_pakiNNaka-gantha-sangaho/02_sImavisodhanIpATha/02_kappavinAsakaNDo/
०२. गन्थकारकाचरिय-परिच्छेदो 	 08_vaMsa-gantha-sangaho/01_chULaganthavaMsa/02_ganthakArakAchariya-parichChedo/
०२. चेतसिकसङ्गहअनुदीपना 	 06_leDI_sayADo_gantha-sangaho/03_anudIpanIpATha/02_chetasikasangahaanudIpanA/
०२. दुतियकण्ड वण्णना 	 09_byAkaraNa_gantha-sangaho/06_mogallAnapanchikA/02_dutiyakaNDa_vaNNanA/
०२. दुतियो कण्डो (स्यादि) 	 09_byAkaraNa_gantha-sangaho/02_moggallAnabyAkaraNaM/02_dutiyo_kaNDo_syAdi/
०२. दोसपरिहारावबोध-दुतियपरिच्छेद 	 09_byAkaraNa_gantha-sangaho/11_subodhAlankArapATha/02_dosaparihArAvabodha-dutiyaparichCheda/
०२. दोसपरिहारावबोधपरिच्छेदवण्णना 	 09_byAkaraNa_gantha-sangaho/12_subodhAlankAraTIkA/02_dosaparihArAvabodhaparichChedavaNNanA/
०२. धुतङ्गनिद्देसवण्णना 	 04_visuddhimagga/03_visuddhimagga-mahATIkA-1/02_dhutanganiddesavaNNanA/
०२. धुतङ्गनिद्देसो 	 04_visuddhimagga/01_visuddhimagga-1/02_dhutanganiddeso/
०२. नामकण्ड 	 06_leDI_sayADo_gantha-sangaho/01_niruttidIpanI/02_nAmakaNDa/
०२. नामकण्ड 	 09_byAkaraNa_gantha-sangaho/05_padarUpasiddhi/02_nAmakaNDa/
०२. नामकण्ड 	 09_byAkaraNa_gantha-sangaho/07_payogasiddhipATha/02_nAmakaNDa/
०२. नामकण्ड 	 09_byAkaraNa_gantha-sangaho/13_bAlAvatAra_gaNThipadatthavinichChayasAra/02_nAmakaNDa/
०२. नामकप्प 	 09_byAkaraNa_gantha-sangaho/01_kachchAyanabyAkaraNaM/02_nAmakappa/
०२. परिनिब्बानकथा 	 12_sihaLa-gantha-sangaho/05_dhAtuvaMsa/02_parinibbAnakathA/
०२. भवतिक्रियापदमालाविभाग 	 09_byAkaraNa_gantha-sangaho/03_saddanItippakaraNaM_padamAlA/02_bhavatikriyApadamAlAvibhAga/
०२. भूकण्ड 	 09_byAkaraNa_gantha-sangaho/09_abhidhAnappadIpikApATha/02_bhUkaNDa/
०२. भूकण्ड 	 09_byAkaraNa_gantha-sangaho/10_abhidhAnappadIpikATIkA/02_bhUkaNDa/
०२. मत्तावुत्तिनिद्देस-दुतियपरिच्छेद 	 09_byAkaraNa_gantha-sangaho/08_vuttodayapATha/02_mattAvuttiniddesa-dutiyaparichCheda/
०२. मरणस्सतिनिद्देस 	 10_nIti-gantha-sangaho/09_chaturArakkhadIpanI/02_maraNassatiniddesa/
०२. सीहळदीपिकसासनवंसकथामग्गो 	 08_vaMsa-gantha-sangaho/03_sAsanavaMsa/02_sIhaLadIpikasAsanavaMsakathAmaggo/
०३ अनञ्‍ञसाधारणदीपनीगाथा 	 07_buddha-vandanA_gantha-sangaho/06_jinAlankAra/03_ana~n~nasAdhAraNadIpanIgAthA/
०३ चतुत्थ परिच्छेद 	 08_vaMsa-gantha-sangaho/02_mahAvaMsa/03_chatuttha_parichCheda/
०३ चित्तसङ्गह-परमत्थदीपनी 	 06_leDI_sayADo_gantha-sangaho/02_paramatthadIpanI_sangahamahATIkApATha/03_chittasangaha-paramatthadIpanI/
०३ दसथूपकथा 	 12_sihaLa-gantha-sangaho/02_thUpavaMsa/03_dasathUpakathA/
०३ पतञ्‍जलिवादविचारणा 	 04_visuddhimagga/05_visuddhimagga_nidAnakathA/03_pata~njalivAdavichAraNA/
०३ मत्थना 	 10_nIti-gantha-sangaho/08_naradakkhadIpanI/03_matthanA/
०३ सुजनकण्ड 	 10_nIti-gantha-sangaho/06_kavidappaNanIti/03_sujanakaNDa/
०३. अधिपतिपच्चयो 	 06_leDI_sayADo_gantha-sangaho/04_paTThAnuddesa_dIpanIpATha/03_adhipatipachchayo/
०३. असुभभावना निद्देस 	 10_nIti-gantha-sangaho/09_chaturArakkhadIpanI/03_asubhabhAvanA_niddesa/
०३. आचरियानं सञ्‍जातट्ठानपरिच्छेदो 	 08_vaMsa-gantha-sangaho/01_chULaganthavaMsa/03_AchariyAnaM_sa~njAtaTThAnaparichChedo/
०३. कम्मट्ठानग्गहणनिद्देसवण्णना 	 04_visuddhimagga/03_visuddhimagga-mahATIkA-1/03_kammaTThAnaggahaNaniddesavaNNanA/
०३. कम्मट्ठानग्गहणनिद्देसो 	 04_visuddhimagga/01_visuddhimagga-1/03_kammaTThAnaggahaNaniddeso/
०३. कारककण्ड 	 06_leDI_sayADo_gantha-sangaho/01_niruttidIpanI/03_kArakakaNDa/
०३. कारककण्ड 	 09_byAkaraNa_gantha-sangaho/05_padarUpasiddhi/03_kArakakaNDa/
०३. कारककण्ड 	 09_byAkaraNa_gantha-sangaho/07_payogasiddhipATha/03_kArakakaNDa/
०३. कारककप्प 	 09_byAkaraNa_gantha-sangaho/01_kachchAyanabyAkaraNaM/03_kArakakappa/
०३. गुणावबोध-ततियपरिच्छेद 	 09_byAkaraNa_gantha-sangaho/11_subodhAlankArapATha/03_guNAvabodha-tatiyaparichCheda/
०३. गुणावबोधपरिच्छेद 	 09_byAkaraNa_gantha-sangaho/12_subodhAlankAraTIkA/03_guNAvabodhaparichCheda/
०३. ततियकण्डवण्णना 	 09_byAkaraNa_gantha-sangaho/06_mogallAnapanchikA/03_tatiyakaNDavaNNanA/
०३. धातुपरम्पराकथा 	 12_sihaLa-gantha-sangaho/05_dhAtuvaMsa/03_dhAtuparamparAkathA/
०३. निब्बानकण्डो 	 11_pakiNNaka-gantha-sangaho/02_sImavisodhanIpATha/03_nibbAnakaNDo/
०३. पकिण्णकविनिच्छय 	 09_byAkaraNa_gantha-sangaho/03_saddanItippakaraNaM_padamAlA/03_pakiNNakavinichChaya/
०३. पकिण्णकसङ्गहअनुदीपना 	 06_leDI_sayADo_gantha-sangaho/03_anudIpanIpATha/03_pakiNNakasangahaanudIpanA/
०३. समवुत्तिनिद्देस-ततियपरिच्छेद 	 09_byAkaraNa_gantha-sangaho/08_vuttodayapATha/03_samavuttiniddesa-tatiyaparichCheda/
०३. समासकण्ड 	 09_byAkaraNa_gantha-sangaho/13_bAlAvatAra_gaNThipadatthavinichChayasAra/03_samAsakaNDa/
०३. सामञ्‍ञकण्ड 	 09_byAkaraNa_gantha-sangaho/09_abhidhAnappadIpikApATha/03_sAma~n~nakaNDa/
०३. सामञ्‍ञकण्ड 	 09_byAkaraNa_gantha-sangaho/10_abhidhAnappadIpikATIkA/03_sAma~n~nakaNDa/
०३. सुवण्णभूमिसासनवंसकथामग्गो 	 08_vaMsa-gantha-sangaho/03_sAsanavaMsa/03_suvaNNabhUmisAsanavaMsakathAmaggo/
०४ अभिनीहारदीपनीगाथा 	 07_buddha-vandanA_gantha-sangaho/06_jinAlankAra/04_abhinIhAradIpanIgAthA/
०४ आसीस 	 10_nIti-gantha-sangaho/08_naradakkhadIpanI/04_AsIsa/
०४ कब्बसत्थविचारणा 	 04_visuddhimagga/05_visuddhimagga_nidAnakathA/04_kabbasatthavichAraNA/
०४ चेतसिकसङ्गह परमत्थदीपनी 	 06_leDI_sayADo_gantha-sangaho/02_paramatthadIpanI_sangahamahATIkApATha/04_chetasikasangaha_paramatthadIpanI/
०४ धातुनिधान कथा 	 12_sihaLa-gantha-sangaho/02_thUpavaMsa/04_dhAtunidhAna_kathA/
०४ पञ्चम परिच्छेद 	 08_vaMsa-gantha-sangaho/02_mahAvaMsa/04_panchama_parichCheda/
०४ बालदुज्‍जनकण्ड 	 10_nIti-gantha-sangaho/06_kavidappaNanIti/04_bAladujjanakaNDa/
०४. अड्ढसमवुत्तिनिद्देस-चतुत्थपरिच्छेद 	 09_byAkaraNa_gantha-sangaho/08_vuttodayapATha/04_aDDhasamavuttiniddesa-chatutthaparichCheda/
०४. अत्थालङ्कारावबोध-चतुत्थपरिच्छेद 	 09_byAkaraNa_gantha-sangaho/11_subodhAlankArapATha/04_atthAlankArAvabodha-chatutthaparichCheda/
०४. अत्थालङ्कारावबोधपरिच्छेद 	 09_byAkaraNa_gantha-sangaho/12_subodhAlankAraTIkA/04_atthAlankArAvabodhaparichCheda/
०४. अनन्तरपच्‍चयो 	 06_leDI_sayADo_gantha-sangaho/04_paTThAnuddesa_dIpanIpATha/04_anantarapachchayo/
०४. आयायकाचरिय-परिच्छेदो 	 08_vaMsa-gantha-sangaho/01_chULaganthavaMsa/04_AyAyakAchariya-parichChedo/
०४. चतुत्थो कण्डो (णादि) 	 09_byAkaraNa_gantha-sangaho/02_moggallAnabyAkaraNaM/04_chatuttho_kaNDo_NAdi/
०४. तद्धितकण्ड 	 09_byAkaraNa_gantha-sangaho/13_bAlAvatAra_gaNThipadatthavinichChayasAra/04_taddhitakaNDa/
०४. पकिण्णककथा 	 12_sihaLa-gantha-sangaho/05_dhAtuvaMsa/04_pakiNNakakathA/
०४. पथवीकसिणनिद्देसवण्णना 	 04_visuddhimagga/03_visuddhimagga-mahATIkA-1/04_pathavIkasiNaniddesavaNNanA/
०४. पथवीकसिणनिद्देसो 	 04_visuddhimagga/01_visuddhimagga-1/04_pathavIkasiNaniddeso/
०४. बालदुज्जनकण्डो 	 10_nIti-gantha-sangaho/01_lokanIti/04_bAladujjanakaNDo/
०४. भूधातुमयनामिकरूपविभाग 	 09_byAkaraNa_gantha-sangaho/03_saddanItippakaraNaM_padamAlA/04_bhUdhAtumayanAmikarUpavibhAga/
०४. मित्तकण्डो 	 10_nIti-gantha-sangaho/01_lokanIti/04_mittakaNDo/
०४. योनकरट्ठसासनवंसकथामग्गो 	 08_vaMsa-gantha-sangaho/03_sAsanavaMsa/04_yonakaraTThasAsanavaMsakathAmaggo/
०४. वीथिसङ्गहअनुदीपना 	 06_leDI_sayADo_gantha-sangaho/03_anudIpanIpATha/04_vIthisangahaanudIpanA/
०४. समसीसिकण्डो 	 11_pakiNNaka-gantha-sangaho/02_sImavisodhanIpATha/04_samasIsikaNDo/
०४. समासकण्ड 	 06_leDI_sayADo_gantha-sangaho/01_niruttidIpanI/04_samAsakaNDa/
०४. समासकण्ड 	 09_byAkaraNa_gantha-sangaho/05_padarUpasiddhi/04_samAsakaNDa/
०४. समासकण्ड 	 09_byAkaraNa_gantha-sangaho/07_payogasiddhipATha/04_samAsakaNDa/
०४. समासकप्प 	 09_byAkaraNa_gantha-sangaho/01_kachchAyanabyAkaraNaM/04_samAsakappa/
०५ अभियाचक 	 10_nIti-gantha-sangaho/08_naradakkhadIpanI/05_abhiyAchaka/
०५ चतुरासीति सहस्स थूपकथा 	 12_sihaLa-gantha-sangaho/02_thUpavaMsa/05_chaturAsIti_sahassa_thUpakathA/
०५ छट्ठपरिच्छेद 	 08_vaMsa-gantha-sangaho/02_mahAvaMsa/05_ChaTThaparichCheda/
०५ पकिण्णक सङ्गह परमत्थदीपनी 	 06_leDI_sayADo_gantha-sangaho/02_paramatthadIpanI_sangahamahATIkApATha/05_pakiNNaka_sangaha_paramatthadIpanI/
०५ बाहुसच्‍चगुणमक्खनम् 	 04_visuddhimagga/05_visuddhimagga_nidAnakathA/05_bAhusachchaguNamakkhanam/
०५ बोधिसम्भारदीपनीगाथा 	 07_buddha-vandanA_gantha-sangaho/06_jinAlankAra/05_bodhisambhAradIpanIgAthA/
०५ राजकण्ड 	 10_nIti-gantha-sangaho/06_kavidappaNanIti/05_rAjakaNDa/
०५. इत्थिकण्डो 	 10_nIti-gantha-sangaho/01_lokanIti/05_itthikaNDo/
०५. ओकारन्तपुल्‍लिङ्गनामिकपदमाला 	 09_byAkaraNa_gantha-sangaho/03_saddanItippakaraNaM_padamAlA/05_okArantapullinganAmikapadamAlA/
०५. णादिकण्ड 	 09_byAkaraNa_gantha-sangaho/07_payogasiddhipATha/05_NAdikaNDa/
०५. तद्धित 	 06_leDI_sayADo_gantha-sangaho/01_niruttidIpanI/05_taddhita/
०५. तद्धितकण्ड 	 09_byAkaraNa_gantha-sangaho/05_padarUpasiddhi/05_taddhitakaNDa/
०५. तद्धितकप्प 	 09_byAkaraNa_gantha-sangaho/01_kachchAyanabyAkaraNaM/05_taddhitakappa/
०५. धातुनिधानाधिकारो 	 12_sihaLa-gantha-sangaho/05_dhAtuvaMsa/05_dhAtunidhAnAdhikAro/
०५. नववासीरट्ठसासनवंसकथामग्गो 	 08_vaMsa-gantha-sangaho/03_sAsanavaMsa/05_navavAsIraTThasAsanavaMsakathAmaggo/
०५. पकिण्णक-परिच्छेदो 	 08_vaMsa-gantha-sangaho/01_chULaganthavaMsa/05_pakiNNaka-parichChedo/
०५. पञ्‍चमो कण्डो (खादि) 	 09_byAkaraNa_gantha-sangaho/02_moggallAnabyAkaraNaM/05_pa~nchamo_kaNDo_khAdi/
०५. भावावबोध-पञ्‍चमपरिच्छेद 	 09_byAkaraNa_gantha-sangaho/11_subodhAlankArapATha/05_bhAvAvabodha-pa~nchamaparichCheda/
०५. भावावबोधपरिच्छेद 	 09_byAkaraNa_gantha-sangaho/12_subodhAlankAraTIkA/05_bhAvAvabodhaparichCheda/
०५. विसमवुत्तिनिद्देस-पञ्‍चमपरिच्छेद 	 09_byAkaraNa_gantha-sangaho/08_vuttodayapATha/05_visamavuttiniddesa-pa~nchamaparichCheda/
०५. वीथिमुत्तसङ्गहअनुदीपना 	 06_leDI_sayADo_gantha-sangaho/03_anudIpanIpATha/05_vIthimuttasangahaanudIpanA/
०५. समनन्तरपच्‍चयो 	 06_leDI_sayADo_gantha-sangaho/04_paTThAnuddesa_dIpanIpATha/05_samanantarapachchayo/
०५. सेसकसिणनिद्देसवण्णना 	 04_visuddhimagga/03_visuddhimagga-mahATIkA-1/05_sesakasiNaniddesavaNNanA/
०५. सेसकसिणनिद्देसो 	 04_visuddhimagga/01_visuddhimagga-1/05_sesakasiNaniddeso/
०६ गब्भोक्‍कन्तिदीपनीगाथा 	 07_buddha-vandanA_gantha-sangaho/06_jinAlankAra/06_gabbhokkantidIpanIgAthA/
०६ नायक कण्ड 	 10_nIti-gantha-sangaho/06_kavidappaNanIti/06_nAyaka_kaNDa/
०६ पञ्‍ञा-निद्देस 	 10_nIti-gantha-sangaho/08_naradakkhadIpanI/06_pa~n~nA-niddesa/
०६ बोधि आगमनकथा 	 12_sihaLa-gantha-sangaho/02_thUpavaMsa/06_bodhi_AgamanakathA/
०६ महायानिकनयविचारणा 	 04_visuddhimagga/05_visuddhimagga_nidAnakathA/06_mahAyAnikanayavichAraNA/
०६ वीथि सङ्गह परमत्थदीपनी 	 06_leDI_sayADo_gantha-sangaho/02_paramatthadIpanI_sangahamahATIkApATha/06_vIthi_sangaha_paramatthadIpanI/
०६ सत्तम परिच्छेद 	 08_vaMsa-gantha-sangaho/02_mahAvaMsa/06_sattama_parichCheda/
०६. अपरन्तरट्ठसासनवंसकथामग्गो 	 08_vaMsa-gantha-sangaho/03_sAsanavaMsa/06_aparantaraTThasAsanavaMsakathAmaggo/
०६. असुभकम्मट्ठाननिद्देसवण्णना 	 04_visuddhimagga/03_visuddhimagga-mahATIkA-1/06_asubhakammaTThAnaniddesavaNNanA/
०६. असुभकम्मट्ठाननिद्देसो 	 04_visuddhimagga/01_visuddhimagga-1/06_asubhakammaTThAnaniddeso/
०६. आकारन्तपुल्लिङ्गनामिकपदमाला 	 09_byAkaraNa_gantha-sangaho/03_saddanItippakaraNaM_padamAlA/06_AkArantapullinganAmikapadamAlA/
०६. आख्यातकण्ड 	 06_leDI_sayADo_gantha-sangaho/01_niruttidIpanI/06_AkhyAtakaNDa/
०६. आख्यातकण्ड 	 09_byAkaraNa_gantha-sangaho/05_padarUpasiddhi/06_AkhyAtakaNDa/
०६. आख्यातकप्प 	 09_byAkaraNa_gantha-sangaho/01_kachchAyanabyAkaraNaM/06_AkhyAtakappa/
०६. छट्ठो कण्डो (त्यादि) 	 09_byAkaraNa_gantha-sangaho/02_moggallAnabyAkaraNaM/06_ChaTTho_kaNDo_tyAdi/
०६. छप्पच्‍चयविभाग-छट्ठपरिच्छेद 	 09_byAkaraNa_gantha-sangaho/08_vuttodayapATha/06_ChappachchayavibhAga-ChaTThaparichCheda/
०६. त्यादिकण्ड 	 09_byAkaraNa_gantha-sangaho/07_payogasiddhipATha/06_tyAdikaNDa/
०६. राजकण्डो 	 10_nIti-gantha-sangaho/01_lokanIti/06_rAjakaNDo/
०६. रूपसङ्गहअनुदीपना 	 06_leDI_sayADo_gantha-sangaho/03_anudIpanIpATha/06_rUpasangahaanudIpanA/
०६. सहजातपच्‍चयो 	 06_leDI_sayADo_gantha-sangaho/04_paTThAnuddesa_dIpanIpATha/06_sahajAtapachchayo/
०७ अट्ठम परिच्छेद 	 08_vaMsa-gantha-sangaho/02_mahAvaMsa/07_aTThama_parichCheda/
०७ चारित्त-निद्देस 	 10_nIti-gantha-sangaho/08_naradakkhadIpanI/07_chAritta-niddesa/
०७ पुत्तकण्ड 	 10_nIti-gantha-sangaho/06_kavidappaNanIti/07_puttakaNDa/
०७ योजनथूप कथा 	 12_sihaLa-gantha-sangaho/02_thUpavaMsa/07_yojanathUpa_kathA/
०७ विजायनमङ्गलदीपनीगाथा 	 07_buddha-vandanA_gantha-sangaho/06_jinAlankAra/07_vijAyanamangaladIpanIgAthA/
०७ वीथिमुत्त सङ्गह परमत्थदीपनी 	 06_leDI_sayADo_gantha-sangaho/02_paramatthadIpanI_sangahamahATIkApATha/07_vIthimutta_sangaha_paramatthadIpanI/
०७ सासनप्पवत्तिक्‍कमो 	 04_visuddhimagga/05_visuddhimagga_nidAnakathA/07_sAsanappavattikkamo/
०७. अञ्‍ञमञ्‍ञपच्‍चयो 	 06_leDI_sayADo_gantha-sangaho/04_paTThAnuddesa_dIpanIpATha/07_a~n~nama~n~napachchayo/
०७. कस्मिरगन्धाररट्ठसासनवंसकथामग्गो 	 08_vaMsa-gantha-sangaho/03_sAsanavaMsa/07_kasmiragandhAraraTThasAsanavaMsakathAmaggo/
०७. कितकण्ड 	 06_leDI_sayADo_gantha-sangaho/01_niruttidIpanI/07_kitakaNDa/
०७. किब्बिधानकण्ड 	 09_byAkaraNa_gantha-sangaho/05_padarUpasiddhi/07_kibbidhAnakaNDa/
०७. किब्बिधानकप्प 	 09_byAkaraNa_gantha-sangaho/01_kachchAyanabyAkaraNaM/07_kibbidhAnakappa/
०७. खादिकण्ड 	 09_byAkaraNa_gantha-sangaho/07_payogasiddhipATha/07_khAdikaNDa/
०७. छअनुस्सतिनिद्देसवण्णना 	 04_visuddhimagga/03_visuddhimagga-mahATIkA-1/07_ChaanussatiniddesavaNNanA/
०७. छअनुस्सतिनिद्देसो 	 04_visuddhimagga/01_visuddhimagga-1/07_Chaanussatiniddeso/
०७. निग्गहीतन्तपुल्‍लिङ्गनामिकपदमाला 	 09_byAkaraNa_gantha-sangaho/03_saddanItippakaraNaM_padamAlA/07_niggahItantapullinganAmikapadamAlA/
०७. पकिण्णककण्डो 	 10_nIti-gantha-sangaho/01_lokanIti/07_pakiNNakakaNDo/
०७. सत्तमो कण्डो (ण्वादि) 	 09_byAkaraNa_gantha-sangaho/02_moggallAnabyAkaraNaM/07_sattamo_kaNDo_NvAdi/
०७. समुच्‍चयसङ्गहअनुदीपना 	 06_leDI_sayADo_gantha-sangaho/03_anudIpanIpATha/07_samuchchayasangahaanudIpanA/
०८ अगारियसम्पत्तिदीपनीगाथा 	 07_buddha-vandanA_gantha-sangaho/06_jinAlankAra/08_agAriyasampattidIpanIgAthA/
०८ अभयगिरिनिकायुप्पत्ति 	 04_visuddhimagga/05_visuddhimagga_nidAnakathA/08_abhayagirinikAyuppatti/
०८ घरावास-निद्देस 	 10_nIti-gantha-sangaho/08_naradakkhadIpanI/08_gharAvAsa-niddesa/
०८ तदत्थदीपनत्थं अयमनुपुब्बकथा 	 12_sihaLa-gantha-sangaho/02_thUpavaMsa/08_tadatthadIpanatthaM_ayamanupubbakathA/
०८ नवम परिच्छेद 	 08_vaMsa-gantha-sangaho/02_mahAvaMsa/08_navama_parichCheda/
०८ रूप सङ्गह परमत्थदीपनी 	 06_leDI_sayADo_gantha-sangaho/02_paramatthadIpanI_sangahamahATIkApATha/08_rUpa_sangaha_paramatthadIpanI/
०८ वेज्जाचरिय कण्ड 	 10_nIti-gantha-sangaho/06_kavidappaNanIti/08_vejjAchariya_kaNDa/
०८. अनुस्सतिकम्मट्ठाननिद्देसवण्णना 	 04_visuddhimagga/03_visuddhimagga-mahATIkA-1/08_anussatikammaTThAnaniddesavaNNanA/
०८. अनुस्सतिकम्मट्ठाननिद्देसो 	 04_visuddhimagga/01_visuddhimagga-1/08_anussatikammaTThAnaniddeso/
०८. इत्थिलिङ्गनामिकपदमाला 	 09_byAkaraNa_gantha-sangaho/03_saddanItippakaraNaM_padamAlA/08_itthilinganAmikapadamAlA/
०८. उणादिकप्प 	 09_byAkaraNa_gantha-sangaho/01_kachchAyanabyAkaraNaM/08_uNAdikappa/
०८. निस्सयपच्‍चयो 	 06_leDI_sayADo_gantha-sangaho/04_paTThAnuddesa_dIpanIpATha/08_nissayapachchayo/
०८. पच्‍चयसङ्गहअनुदीपना 	 06_leDI_sayADo_gantha-sangaho/03_anudIpanIpATha/08_pachchayasangahaanudIpanA/
०८. महिंसकरट्ठस्सासनवंसकथामग्गो 	 08_vaMsa-gantha-sangaho/03_sAsanavaMsa/08_mahiMsakaraTThassAsanavaMsakathAmaggo/
०९ दसम परिच्छेद 	 08_vaMsa-gantha-sangaho/02_mahAvaMsa/09_dasama_parichCheda/
०९ दासक कण्ड 	 10_nIti-gantha-sangaho/06_kavidappaNanIti/09_dAsaka_kaNDa/
०९ धम्मरुचिनिकायुप्पत्ति 	 04_visuddhimagga/05_visuddhimagga_nidAnakathA/09_dhammaruchinikAyuppatti/
०९ नेक्खम्मज्झासयदीपनीयमकगाथा 	 07_buddha-vandanA_gantha-sangaho/06_jinAlankAra/09_nekkhammajjhAsayadIpanIyamakagAthA/
०९ महियङ्गन थूपकथा 	 12_sihaLa-gantha-sangaho/02_thUpavaMsa/09_mahiyangana_thUpakathA/
०९ समुच्‍चय सङ्गह परमत्थदीपनी 	 06_leDI_sayADo_gantha-sangaho/02_paramatthadIpanI_sangahamahATIkApATha/09_samuchchaya_sangaha_paramatthadIpanI/
०९ साधुजन-निद्देस 	 10_nIti-gantha-sangaho/08_naradakkhadIpanI/09_sAdhujana-niddesa/
०९. उपनिस्सयपच्‍चयो 	 06_leDI_sayADo_gantha-sangaho/04_paTThAnuddesa_dIpanIpATha/09_upanissayapachchayo/
०९. कम्मट्ठानसङ्गहअनुदीपना 	 06_leDI_sayADo_gantha-sangaho/03_anudIpanIpATha/09_kammaTThAnasangahaanudIpanA/
०९. नपुंसकलिङ्गनामिकपदमाला 	 09_byAkaraNa_gantha-sangaho/03_saddanItippakaraNaM_padamAlA/09_napuMsakalinganAmikapadamAlA/
०९. ब्रह्मविहारनिद्देसवण्णना 	 04_visuddhimagga/03_visuddhimagga-mahATIkA-1/09_brahmavihAraniddesavaNNanA/
०९. ब्रह्मविहारनिद्देसो 	 04_visuddhimagga/01_visuddhimagga-1/09_brahmavihAraniddeso/
०९. महारट्ठसासनवंसकथामग्गो 	 08_vaMsa-gantha-sangaho/03_sAsanavaMsa/09_mahAraTThasAsanavaMsakathAmaggo/
१ तिगुम्बचेतिय थोमना 	 07_buddha-vandanA_gantha-sangaho/02_mahApaNAmapATha/1_tigumbachetiya_thomanA/
१ तुदादयो अवुद्धिका 	 12_sihaLa-gantha-sangaho/14_kachchAyanadhAtumanjusA/1_tudAdayo_avuddhikA/
१ धम्मसोण्डकवग्गो 	 11_pakiNNaka-gantha-sangaho/01_rasavAhinI/1_dhammasoNDakavaggo/
१ नमक्कारटीका 	 07_buddha-vandanA_gantha-sangaho/01_namakkAraTIkA/1_namakkAraTIkA/
१ निदानवग्गपाळि 	 05_sangAyana-puchCha_vissajjanA/03_saMyuttanikAya/1_nidAnavaggapALi/
१ पकिण्णकथविवरणम् 	 12_sihaLa-gantha-sangaho/10_milidaTIkA/1_pakiNNakathavivaraNam/
१ बुद्धवन्दना 	 07_buddha-vandanA_gantha-sangaho/03_lakkhaNAto_buddhathomanAgAthA/1_buddhavandanA/
१ ब्रह्मजालसुत्त 	 05_sangAyana-puchCha_vissajjanA/01_dIghanikAya/1_brahmajAlasutta/
१ मज्झिमपण्णासपाळि 	 05_sangAyana-puchCha_vissajjanA/02_majjhimanikAya/1_majjhimapaNNAsapALi/
१ वसलसुत्त 	 10_nIti-gantha-sangaho/02_suttantanIti/1_vasalasutta/
१ सङ्घादिसेस सिक्खापुच्छा 	 05_sangAyana-puchCha_vissajjanA/05_vinayapiTaka/1_sanghAdisesa_sikkhApuchChA/
१ सम्भेदकथा 	 10_nIti-gantha-sangaho/04_mahArahanIti/1_sambhedakathA/
१ सुजनकण्डो 	 10_nIti-gantha-sangaho/01_lokanIti/1_sujanakaNDo/
१ सूरस्सतीनीति 	 10_nIti-gantha-sangaho/03_sUrassatinIti/1_sUrassatInIti/
१० Search Results 	 search/
१० इत्थिकण्ड 	 10_nIti-gantha-sangaho/06_kavidappaNanIti/10_itthikaNDa/
१० एकादसम परिच्छेद 	 08_vaMsa-gantha-sangaho/02_mahAvaMsa/10_ekAdasama_parichCheda/
१० कायखमनीय-निद्देस 	 10_nIti-gantha-sangaho/08_naradakkhadIpanI/10_kAyakhamanIya-niddesa/
१० पच्चय सङ्गह परमत्थदीपनी 	 06_leDI_sayADo_gantha-sangaho/02_paramatthadIpanI_sangahamahATIkApATha/10_pachchaya_sangaha_paramatthadIpanI/
१० पादुद्धारविम्हयदीपनीगाथा 	 07_buddha-vandanA_gantha-sangaho/06_jinAlankAra/10_pAduddhAravimhayadIpanIgAthA/
१० पिटकत्तयस्स पोत्थकारोपनम् 	 04_visuddhimagga/05_visuddhimagga_nidAnakathA/10_piTakattayassa_potthakAropanam/
१० मरीचवट्टि विहारकथा 	 12_sihaLa-gantha-sangaho/02_thUpavaMsa/10_marIchavaTTi_vihArakathA/
१०. आरुप्पनिद्देसवण्णना 	 04_visuddhimagga/03_visuddhimagga-mahATIkA-1/10_AruppaniddesavaNNanA/
१०. आरुप्पनिद्देसो 	 04_visuddhimagga/01_visuddhimagga-1/10_Aruppaniddeso/
१०. चिनरट्ठसासनवंसकथामग्गो 	 08_vaMsa-gantha-sangaho/03_sAsanavaMsa/10_chinaraTThasAsanavaMsakathAmaggo/
१०. पुरेजातपच्‍चयो 	 06_leDI_sayADo_gantha-sangaho/04_paTThAnuddesa_dIpanIpATha/10_purejAtapachchayo/
१०. लिङ्गत्तयमिस्सकनामिकपदमाला 	 09_byAkaraNa_gantha-sangaho/03_saddanItippakaraNaM_padamAlA/10_lingattayamissakanAmikapadamAlA/
११ अधम्मवादुप्पत्ति 	 04_visuddhimagga/05_visuddhimagga_nidAnakathA/11_adhammavAduppatti/
११ अपुनरावत्तिगमनदीपनीयमकगाथा 	 07_buddha-vandanA_gantha-sangaho/06_jinAlankAra/11_apunarAvattigamanadIpanIyamakagAthA/
११ कम्मट्ठान सङ्गह परमत्थदीपनी 	 06_leDI_sayADo_gantha-sangaho/02_paramatthadIpanI_sangahamahATIkApATha/11_kammaTThAna_sangaha_paramatthadIpanI/
११ थूपसाधन लाभकथा 	 12_sihaLa-gantha-sangaho/02_thUpavaMsa/11_thUpasAdhana_lAbhakathA/
११ द्वादसम परिच्छेद 	 08_vaMsa-gantha-sangaho/02_mahAvaMsa/11_dvAdasama_parichCheda/
११ पकिण्णक-निद्देस 	 10_nIti-gantha-sangaho/08_naradakkhadIpanI/11_pakiNNaka-niddesa/
११ पकिण्णककण्ड 	 10_nIti-gantha-sangaho/06_kavidappaNanIti/11_pakiNNakakaNDa/
११. पच्छाजातपच्‍चयो 	 06_leDI_sayADo_gantha-sangaho/04_paTThAnuddesa_dIpanIpATha/11_pachChAjAtapachchayo/
११. वाच्‍चाभिधेय्यलिङ्गादिपरिदीपननामिकपदमाला 	 09_byAkaraNa_gantha-sangaho/03_saddanItippakaraNaM_padamAlA/11_vAchchAbhidheyyalingAdiparidIpananAmikapadamAlA/
११. समाधिनिद्देसवण्णना 	 04_visuddhimagga/03_visuddhimagga-mahATIkA-1/11_samAdhiniddesavaNNanA/
११. समाधिनिद्देसो 	 04_visuddhimagga/01_visuddhimagga-1/11_samAdhiniddeso/
१२ कविदप्पणनीति 	 10_nIti-gantha-sangaho/06_kavidappaNanIti/12_kavidappaNanIti/
१२ तेरसम परिच्छेद 	 08_vaMsa-gantha-sangaho/02_mahAvaMsa/12_terasama_parichCheda/
१२ थूपारम्ह कथा 	 12_sihaLa-gantha-sangaho/02_thUpavaMsa/12_thUpAramha_kathA/
१२ द्विपादब्यासयमकगाथा 	 07_buddha-vandanA_gantha-sangaho/06_jinAlankAra/12_dvipAdabyAsayamakagAthA/
१२ निगम परमत्थदीपनी 	 06_leDI_sayADo_gantha-sangaho/02_paramatthadIpanI_sangahamahATIkApATha/12_nigama_paramatthadIpanI/
१२ वेतुल्‍लवादस्स पठमनिग्गहो 	 04_visuddhimagga/05_visuddhimagga_nidAnakathA/12_vetullavAdassa_paThamaniggaho/
१२ सील-निद्देस 	 10_nIti-gantha-sangaho/08_naradakkhadIpanI/12_sIla-niddesa/
१२. आसेवनपच्‍चयो 	 06_leDI_sayADo_gantha-sangaho/04_paTThAnuddesa_dIpanIpATha/12_Asevanapachchayo/
१२. इद्धिविधनिद्देसवण्णना 	 04_visuddhimagga/04_visuddhimagga-mahATIkA-2/12_iddhividhaniddesavaNNanA/
१२. इद्धिविधनिद्देसो 	 04_visuddhimagga/02_visuddhimagga-2/12_iddhividhaniddeso/
१२. सब्बनामतंसदिसनामनामिकपदमाला 	 09_byAkaraNa_gantha-sangaho/03_saddanItippakaraNaM_padamAlA/12_sabbanAmataMsadisanAmanAmikapadamAlA/
१३ चुद्दसम परिच्छेद 	 08_vaMsa-gantha-sangaho/02_mahAvaMsa/13_chuddasama_parichCheda/
१३ तिपादब्यासयमकगाथा 	 07_buddha-vandanA_gantha-sangaho/06_jinAlankAra/13_tipAdabyAsayamakagAthA/
१३ धातुगब्ब रूपवण्णनाकथा 	 12_sihaLa-gantha-sangaho/02_thUpavaMsa/13_dhAtugabba_rUpavaNNanAkathA/
१३ नरदक्ख थोमना आसीस 	 10_nIti-gantha-sangaho/08_naradakkhadIpanI/13_naradakkha_thomanA_AsIsa/
१३ पणाम पटिञ्‍ञा 	 10_nIti-gantha-sangaho/06_kavidappaNanIti/13_paNAma_paTi~n~nA/
१३ सागलियनिकायुप्पत्ति 	 04_visuddhimagga/05_visuddhimagga_nidAnakathA/13_sAgaliyanikAyuppatti/
१३. अभिञ्ञानिद्देसवण्णना 	 04_visuddhimagga/04_visuddhimagga-mahATIkA-2/13_abhi~n~nAniddesavaNNanA/
१३. अभिञ्‍ञानिद्देसो 	 04_visuddhimagga/02_visuddhimagga-2/13_abhi~n~nAniddeso/
१३. कम्मपच्‍चयो 	 06_leDI_sayADo_gantha-sangaho/04_paTThAnuddesa_dIpanIpATha/13_kammapachchayo/
१३. सविनिच्छयसङ्ख्यानामनामिकपदमाला 	 09_byAkaraNa_gantha-sangaho/03_saddanItippakaraNaM_padamAlA/13_savinichChayasankhyAnAmanAmikapadamAlA/
१४ पञ्चदसम परिच्छेद 	 08_vaMsa-gantha-sangaho/02_mahAvaMsa/14_panchadasama_parichCheda/
१४ पादब्यासमहायमकगाथा 	 07_buddha-vandanA_gantha-sangaho/06_jinAlankAra/14_pAdabyAsamahAyamakagAthA/
१४ वेतुल्‍लवादस्स दुतियनिग्गहो 	 04_visuddhimagga/05_visuddhimagga_nidAnakathA/14_vetullavAdassa_dutiyaniggaho/
१४. अत्थत्तिकविभाग 	 09_byAkaraNa_gantha-sangaho/03_saddanItippakaraNaM_padamAlA/14_atthattikavibhAga/
१४. खन्धनिद्देसवण्णना 	 04_visuddhimagga/04_visuddhimagga-mahATIkA-2/14_khandhaniddesavaNNanA/
१४. खन्धनिद्देसो 	 04_visuddhimagga/02_visuddhimagga-2/14_khandhaniddeso/
१४. विपाकपच्चयो 	 06_leDI_sayADo_gantha-sangaho/04_paTThAnuddesa_dIpanIpATha/14_vipAkapachchayo/
१५ अब्यापेताद्यन्तयमकगाथा 	 07_buddha-vandanA_gantha-sangaho/06_jinAlankAra/15_abyApetAdyantayamakagAthA/
१५ वेतुल्‍लवादो 	 04_visuddhimagga/05_visuddhimagga_nidAnakathA/15_vetullavAdo/
१५ सोळसम परिच्छेद 	 08_vaMsa-gantha-sangaho/02_mahAvaMsa/15_soLasama_parichCheda/
१५. आयतनधातुनिद्देसवण्णना 	 04_visuddhimagga/04_visuddhimagga-mahATIkA-2/15_AyatanadhAtuniddesavaNNanA/
१५. आयतनधातुनिद्देसो 	 04_visuddhimagga/02_visuddhimagga-2/15_AyatanadhAtuniddeso/
१५. आहारपच्‍चयो 	 06_leDI_sayADo_gantha-sangaho/04_paTThAnuddesa_dIpanIpATha/15_AhArapachchayo/
१५. सरवग्गपञ्‍चकन्तिक सुद्धस्सरधातु 	 09_byAkaraNa_gantha-sangaho/04_saddanItippakaraNaM_dhAtumAlA/15_saravaggapa~nchakantika_suddhassaradhAtu/
१६ पटिलोमयमकगाथा 	 07_buddha-vandanA_gantha-sangaho/06_jinAlankAra/16_paTilomayamakagAthA/
१६ महाविहारनासनम् 	 04_visuddhimagga/05_visuddhimagga_nidAnakathA/16_mahAvihAranAsanam/
१६ सत्तरसम परिच्छेद 	 08_vaMsa-gantha-sangaho/02_mahAvaMsa/16_sattarasama_parichCheda/
१६. इन्द्रियपच्चयो 	 06_leDI_sayADo_gantha-sangaho/04_paTThAnuddesa_dIpanIpATha/16_indriyapachchayo/
१६. इन्द्रियसच्चनिद्देसवण्णना 	 04_visuddhimagga/04_visuddhimagga-mahATIkA-2/16_indriyasachchaniddesavaNNanA/
१६. इन्द्रियसच्‍चनिद्देसो 	 04_visuddhimagga/02_visuddhimagga-2/16_indriyasachchaniddeso/
१६. भूवादिगणिकपरिच्छेद 	 09_byAkaraNa_gantha-sangaho/04_saddanItippakaraNaM_dhAtumAlA/16_bhUvAdigaNikaparichCheda/
१७ अट्ठारसम परिच्छेद 	 08_vaMsa-gantha-sangaho/02_mahAvaMsa/17_aTThArasama_parichCheda/
१७ एकठानिकादियमकगाथा 	 07_buddha-vandanA_gantha-sangaho/06_jinAlankAra/17_ekaThAnikAdiyamakagAthA/
१७ जेतवनवासिनिकायुप्पत्ति 	 04_visuddhimagga/05_visuddhimagga_nidAnakathA/17_jetavanavAsinikAyuppatti/
१७. झानपच्‍चयो 	 06_leDI_sayADo_gantha-sangaho/04_paTThAnuddesa_dIpanIpATha/17_jhAnapachchayo/
१७. पञ्ञाभूमिनिद्देसवण्णना 	 04_visuddhimagga/04_visuddhimagga-mahATIkA-2/17_pa~n~nAbhUminiddesavaNNanA/
१७. पञ्‍ञाभूमिनिद्देसो 	 04_visuddhimagga/02_visuddhimagga-2/17_pa~n~nAbhUminiddeso/
१७. रुधादिछक्‍क 	 09_byAkaraNa_gantha-sangaho/04_saddanItippakaraNaM_dhAtumAlA/17_rudhAdiChakka/
१८ अक्खरुत्तरिकयमकगाथा 	 07_buddha-vandanA_gantha-sangaho/06_jinAlankAra/18_akkharuttarikayamakagAthA/
१८ एकूनवीसतिम परिच्छेद 	 08_vaMsa-gantha-sangaho/02_mahAvaMsa/18_ekUnavIsatima_parichCheda/
१८ फाहियमद्धानक्‍कमकथा 	 04_visuddhimagga/05_visuddhimagga_nidAnakathA/18_phAhiyamaddhAnakkamakathA/
१८. चुरादिगणपरिदीपन 	 09_byAkaraNa_gantha-sangaho/04_saddanItippakaraNaM_dhAtumAlA/18_churAdigaNaparidIpana/
१८. दिट्ठिविसुद्धिनिद्देसवण्णना 	 04_visuddhimagga/04_visuddhimagga-mahATIkA-2/18_diTThivisuddhiniddesavaNNanA/
१८. दिट्ठिविसुद्धिनिद्देसो 	 04_visuddhimagga/02_visuddhimagga-2/18_diTThivisuddhiniddeso/
१८. मग्गपच्‍चयो 	 06_leDI_sayADo_gantha-sangaho/04_paTThAnuddesa_dIpanIpATha/18_maggapachchayo/
१९ पहेळिगाथा 	 07_buddha-vandanA_gantha-sangaho/06_jinAlankAra/19_paheLigAthA/
१९ मरम्मरट्ठिकभावकथा 	 04_visuddhimagga/05_visuddhimagga_nidAnakathA/19_marammaraTThikabhAvakathA/
१९ वीसतिम परिच्छेद 	 08_vaMsa-gantha-sangaho/02_mahAvaMsa/19_vIsatima_parichCheda/
१९. कङ्खावितरणविसुद्धिनिद्देसवण्णना 	 04_visuddhimagga/04_visuddhimagga-mahATIkA-2/19_kankhAvitaraNavisuddhiniddesavaNNanA/
१९. कङ्खावितरणविसुद्धिनिद्देसो 	 04_visuddhimagga/02_visuddhimagga-2/19_kankhAvitaraNavisuddhiniddeso/
१९. सब्बगणविनिच्छय 	 09_byAkaraNa_gantha-sangaho/04_saddanItippakaraNaM_dhAtumAlA/19_sabbagaNavinichChaya/
१९. सम्पयुत्तपच्‍चयो 	 06_leDI_sayADo_gantha-sangaho/04_paTThAnuddesa_dIpanIpATha/19_sampayuttapachchayo/
२ उण्णालोमिकनाथ वन्दना 	 07_buddha-vandanA_gantha-sangaho/03_lakkhaNAto_buddhathomanAgAthA/2_uNNAlomikanAtha_vandanA/
२ खन्धवग्गसंयुत्तपाळि 	 05_sangAyana-puchCha_vissajjanA/03_saMyuttanikAya/2_khandhavaggasaMyuttapALi/
२ चाणक्यनीतिला गाथा 	 10_nIti-gantha-sangaho/03_sUrassatinIti/2_chANakyanItilA_gAthA/
२ जुहोत्या’दयो सद्विभावलुत्तविकरणा। 	 12_sihaLa-gantha-sangaho/14_kachchAyanadhAtumanjusA/2_juhotyAdayo_sadvibhAvaluttavikaraNA/
२ नन्दियराजवग्गो 	 11_pakiNNaka-gantha-sangaho/01_rasavAhinI/2_nandiyarAjavaggo/
२ निस्सग्गिपाचित्तिय 	 05_sangAyana-puchCha_vissajjanA/05_vinayapiTaka/2_nissaggipAchittiya/
२ मित्तकथा 	 10_nIti-gantha-sangaho/04_mahArahanIti/2_mittakathA/
२ वासमालिनीक्य 	 07_buddha-vandanA_gantha-sangaho/02_mahApaNAmapATha/2_vAsamAlinIkya/
२ सामञ्‍ञफलसुत्त 	 05_sangAyana-puchCha_vissajjanA/01_dIghanikAya/2_sAma~n~naphalasutta/
२० एकवीसतिम परिच्छेद 	 08_vaMsa-gantha-sangaho/02_mahAvaMsa/20_ekavIsatima_parichCheda/
२० दक्खिणइन्दियरट्ठिकभावयुत्ति 	 04_visuddhimagga/05_visuddhimagga_nidAnakathA/20_dakkhiNaindiyaraTThikabhAvayutti/
२० ब्यापेतादियमकगाथा 	 07_buddha-vandanA_gantha-sangaho/06_jinAlankAra/20_byApetAdiyamakagAthA/
२०. मग्गामग्गञाणदस्सनविसुद्धिनिद्देसवण्णना 	 04_visuddhimagga/04_visuddhimagga-mahATIkA-2/20_maggAmagga~nANadassanavisuddhiniddesavaNNanA/
२०. मग्गामग्गञाणदस्सनविसुद्धिनिद्देसो 	 04_visuddhimagga/02_visuddhimagga-2/20_maggAmagga~nANadassanavisuddhiniddeso/
२०. विप्पयुत्तपच्‍चयो 	 06_leDI_sayADo_gantha-sangaho/04_paTThAnuddesa_dIpanIpATha/20_vippayuttapachchayo/
२१ आचरियबुद्धघोसत्थेरस्स अट्ठुप्पत्ति 	 04_visuddhimagga/05_visuddhimagga_nidAnakathA/21_Achariyabuddhaghosattherassa_aTThuppatti/
२१ बावीसतिम परिच्छेद 	 08_vaMsa-gantha-sangaho/02_mahAvaMsa/21_bAvIsatima_parichCheda/
२१ महापधानदीपनीगाथा 	 07_buddha-vandanA_gantha-sangaho/06_jinAlankAra/21_mahApadhAnadIpanIgAthA/
२१. अत्थिपच्‍चयो 	 06_leDI_sayADo_gantha-sangaho/04_paTThAnuddesa_dIpanIpATha/21_atthipachchayo/
२१. पटिपदाञाणदस्सनविसुद्धिनिद्देसवण्णना 	 04_visuddhimagga/04_visuddhimagga-mahATIkA-2/21_paTipadA~nANadassanavisuddhiniddesavaNNanA/
२१. पटिपदाञाणदस्सनविसुद्धिनिद्देसो 	 04_visuddhimagga/02_visuddhimagga-2/21_paTipadA~nANadassanavisuddhiniddeso/
२२ आयाचनकारणम् 	 04_visuddhimagga/05_visuddhimagga_nidAnakathA/22_AyAchanakAraNam/
२२ तेवीसतिम परिच्छेद 	 08_vaMsa-gantha-sangaho/02_mahAvaMsa/22_tevIsatima_parichCheda/
२२ पच्‍चयसभागो 	 06_leDI_sayADo_gantha-sangaho/04_paTThAnuddesa_dIpanIpATha/22_pachchayasabhAgo/
२२ मारपराजयदीपनीगाथा 	 07_buddha-vandanA_gantha-sangaho/06_jinAlankAra/22_mAraparAjayadIpanIgAthA/
२२. ञाणदस्सनविसुद्धिनिद्देसवण्णना 	 04_visuddhimagga/04_visuddhimagga-mahATIkA-2/22_~nANadassanavisuddhiniddesavaNNanA/
२२. ञाणदस्सनविसुद्धिनिद्देसो 	 04_visuddhimagga/02_visuddhimagga-2/22_~nANadassanavisuddhiniddeso/
२२. नत्थिपच्‍चयो 	 06_leDI_sayADo_gantha-sangaho/04_paTThAnuddesa_dIpanIpATha/22_natthipachchayo/
२३ अभिसम्बोधिदीपनीगाथा 	 07_buddha-vandanA_gantha-sangaho/06_jinAlankAra/23_abhisambodhidIpanIgAthA/
२३ चतुवीसतिम परिच्छेद 	 08_vaMsa-gantha-sangaho/02_mahAvaMsa/23_chatuvIsatima_parichCheda/
२३ विसुद्धिमग्गस्स करणम् 	 04_visuddhimagga/05_visuddhimagga_nidAnakathA/23_visuddhimaggassa_karaNam/
२३. पञ्ञाभावनानिसंसनिद्देसवण्णना 	 04_visuddhimagga/04_visuddhimagga-mahATIkA-2/23_pa~n~nAbhAvanAnisaMsaniddesavaNNanA/
२३. पञ्‍ञाभावनानिसंसनिद्देसो 	 04_visuddhimagga/02_visuddhimagga-2/23_pa~n~nAbhAvanAnisaMsaniddeso/
२४ तन्‍निस्सयो 	 04_visuddhimagga/05_visuddhimagga_nidAnakathA/24_tannissayo/
२४ धम्मचक्‍कपवत्तनदीपनीगाथा 	 07_buddha-vandanA_gantha-sangaho/06_jinAlankAra/24_dhammachakkapavattanadIpanIgAthA/
२४ पञ्‍चवीसतिम परिच्छेद 	 08_vaMsa-gantha-sangaho/02_mahAvaMsa/24_pa~nchavIsatima_parichCheda/
२५ छब्बीसतिम परिच्छेद 	 08_vaMsa-gantha-sangaho/02_mahAvaMsa/25_ChabbIsatima_parichCheda/
२५ तक्‍करणप्पकारो 	 04_visuddhimagga/05_visuddhimagga_nidAnakathA/25_takkaraNappakAro/
२५ पाटिहारियदीपनीगाथा 	 07_buddha-vandanA_gantha-sangaho/06_jinAlankAra/25_pATihAriyadIpanIgAthA/
२६ नवगुणदीपनीगाथा 	 07_buddha-vandanA_gantha-sangaho/06_jinAlankAra/26_navaguNadIpanIgAthA/
२६ विमुत्तिमग्गपकरणम् 	 04_visuddhimagga/05_visuddhimagga_nidAnakathA/26_vimuttimaggapakaraNam/
२६ सत्तवीसतिम परिच्छेद 	 08_vaMsa-gantha-sangaho/02_mahAvaMsa/26_sattavIsatima_parichCheda/
२७ अट्ठवीसतिम परिच्छेद 	 08_vaMsa-gantha-sangaho/02_mahAvaMsa/27_aTThavIsatima_parichCheda/
२७ गुणदीपनीगाथा 	 07_buddha-vandanA_gantha-sangaho/06_jinAlankAra/27_guNadIpanIgAthA/
२७ निस्सयट्ठकथाविभावना 	 04_visuddhimagga/05_visuddhimagga_nidAnakathA/27_nissayaTThakathAvibhAvanA/
२८ एकूनतिंसतिम परिच्छेद 	 08_vaMsa-gantha-sangaho/02_mahAvaMsa/28_ekUnatiMsatima_parichCheda/
२८ पूजानिधानदीपनीगाथा 	 07_buddha-vandanA_gantha-sangaho/06_jinAlankAra/28_pUjAnidhAnadIpanIgAthA/
२८ पोराणवचनदस्सनम् 	 04_visuddhimagga/05_visuddhimagga_nidAnakathA/28_porANavachanadassanam/
२९ तिंसतिम परिच्छेद 	 08_vaMsa-gantha-sangaho/02_mahAvaMsa/29_tiMsatima_parichCheda/
२९ पत्थनादीपनीगाथा 	 07_buddha-vandanA_gantha-sangaho/06_jinAlankAra/29_patthanAdIpanIgAthA/
२९ विनयट्ठकथाकरणम् 	 04_visuddhimagga/05_visuddhimagga_nidAnakathA/29_vinayaTThakathAkaraNam/
३ (३) ततियो कण्डो (समासो) 	 09_byAkaraNa_gantha-sangaho/02_moggallAnabyAkaraNaM/3_3_tatiyo_kaNDo_samAso/
३ नायककथा 	 10_nIti-gantha-sangaho/04_mahArahanIti/3_nAyakakathA/
३ महावग्गपाळि 	 05_sangAyana-puchCha_vissajjanA/05_vinayapiTaka/3_mahAvaggapALi/
३ यक्खवञ्‍चितवग्गो 	 11_pakiNNaka-gantha-sangaho/01_rasavAhinI/3_yakkhava~nchitavaggo/
३ रुधादयो 	 12_sihaLa-gantha-sangaho/14_kachchAyanadhAtumanjusA/3_rudhAdayo/
३ सळायतनवग्गसंयुत्तपाळि 	 05_sangAyana-puchCha_vissajjanA/03_saMyuttanikAya/3_saLAyatanavaggasaMyuttapALi/
३० आगमट्ठकथाकरणम् 	 04_visuddhimagga/05_visuddhimagga_nidAnakathA/30_AgamaTThakathAkaraNam/
३० एकतिंसतिम परिच्छेद 	 08_vaMsa-gantha-sangaho/02_mahAvaMsa/30_ekatiMsatima_parichCheda/
३१ अभिधम्मट्ठकथाकरणम् 	 04_visuddhimagga/05_visuddhimagga_nidAnakathA/31_abhidhammaTThakathAkaraNam/
३१ द्वत्तिंसतिम परिच्छेद 	 08_vaMsa-gantha-sangaho/02_mahAvaMsa/31_dvattiMsatima_parichCheda/
३२ कङ्खावितरणीअट्ठकथाकरणम् 	 04_visuddhimagga/05_visuddhimagga_nidAnakathA/32_kankhAvitaraNIaTThakathAkaraNam/
३२ तेत्तिंसतिम परिच्छेद 	 08_vaMsa-gantha-sangaho/02_mahAvaMsa/32_tettiMsatima_parichCheda/
३३ चतुत्तिंसतिम परिच्छेद 	 08_vaMsa-gantha-sangaho/02_mahAvaMsa/33_chatuttiMsatima_parichCheda/
३३ धम्मपदट्ठकथाकरणम् 	 04_visuddhimagga/05_visuddhimagga_nidAnakathA/33_dhammapadaTThakathAkaraNam/
३४ पञ्‍चतिंसतिमपरिच्छेद 	 08_vaMsa-gantha-sangaho/02_mahAvaMsa/34_pa~nchatiMsatimaparichCheda/
३४ परमत्थजोतिकाट्ठकथाकरणम् 	 04_visuddhimagga/05_visuddhimagga_nidAnakathA/34_paramatthajotikATThakathAkaraNam/
३५ छत्तिंसतिम परिच्छेद 	 08_vaMsa-gantha-sangaho/02_mahAvaMsa/35_ChattiMsatima_parichCheda/
३५ जातकट्ठकथाकरणम् 	 04_visuddhimagga/05_visuddhimagga_nidAnakathA/35_jAtakaTThakathAkaraNam/
३६ सकललोकपत्थारकारणम् 	 04_visuddhimagga/05_visuddhimagga_nidAnakathA/36_sakalalokapatthArakAraNam/
३६ सत्ततिंसतिम परिच्छेद 	 08_vaMsa-gantha-sangaho/02_mahAvaMsa/36_sattatiMsatima_parichCheda/
३७ अट्ठतिंसतिम परिच्छेद 	 08_vaMsa-gantha-sangaho/02_mahAvaMsa/37_aTThatiMsatima_parichCheda/
३८ एकूनचत्तालीसतिम परिच्छेद 	 08_vaMsa-gantha-sangaho/02_mahAvaMsa/38_ekUnachattAlIsatima_parichCheda/
३९ चत्तालीसतिम परिच्छेद 	 08_vaMsa-gantha-sangaho/02_mahAvaMsa/39_chattAlIsatima_parichCheda/
४ अप्पमादावह पकिण्णकनिद्देस 	 10_nIti-gantha-sangaho/09_chaturArakkhadIpanI/4_appamAdAvaha_pakiNNakaniddesa/
४ इत्थिकथा 	 10_nIti-gantha-sangaho/04_mahArahanIti/4_itthikathA/
४ चतुत्थकण्ड 	 09_byAkaraNa_gantha-sangaho/06_mogallAnapanchikA/4_chatutthakaNDa/
४ चूळवग्गपाळि 	 05_sangAyana-puchCha_vissajjanA/05_vinayapiTaka/4_chULavaggapALi/
४ दिवादयो 	 12_sihaLa-gantha-sangaho/14_kachchAyanadhAtumanjusA/4_divAdayo/
४ महावग्गसंयुत्तपाळि 	 05_sangAyana-puchCha_vissajjanA/03_saMyuttanikAya/4_mahAvaggasaMyuttapALi/
४ महासेनवग्गो 	 11_pakiNNaka-gantha-sangaho/01_rasavAhinI/4_mahAsenavaggo/
४० एकचत्तालीसतिम परिच्छेद 	 08_vaMsa-gantha-sangaho/02_mahAvaMsa/40_ekachattAlIsatima_parichCheda/
४१ द्विचत्तालीसतिम परिच्छेद 	 08_vaMsa-gantha-sangaho/02_mahAvaMsa/41_dvichattAlIsatima_parichCheda/
४२ तेचत्तालीसतिम परिच्छेद 	 08_vaMsa-gantha-sangaho/02_mahAvaMsa/42_techattAlIsatima_parichCheda/
४३ चतुचत्तालीसतिम परिच्छेद 	 08_vaMsa-gantha-sangaho/02_mahAvaMsa/43_chatuchattAlIsatima_parichCheda/
४४ पञ्चचत्तालीसतिम परिच्छेद 	 08_vaMsa-gantha-sangaho/02_mahAvaMsa/44_panchachattAlIsatima_parichCheda/
४५ छचत्तालीसतिम परिच्छेद 	 08_vaMsa-gantha-sangaho/02_mahAvaMsa/45_ChachattAlIsatima_parichCheda/
४६ सत्तचत्तालीसतिम परिच्छेद 	 08_vaMsa-gantha-sangaho/02_mahAvaMsa/46_sattachattAlIsatima_parichCheda/
४७ अट्ठचत्तालीसतिम परिच्छेद 	 08_vaMsa-gantha-sangaho/02_mahAvaMsa/47_aTThachattAlIsatima_parichCheda/
४८ एकूनपञ्ञासतिम परिच्छेद 	 08_vaMsa-gantha-sangaho/02_mahAvaMsa/48_ekUnapa~n~nAsatima_parichCheda/
४९ पञ्‍ञासतिम परिच्छेद 	 08_vaMsa-gantha-sangaho/02_mahAvaMsa/49_pa~n~nAsatima_parichCheda/
५ कायपच्‍चवेक्खणा 	 10_nIti-gantha-sangaho/09_chaturArakkhadIpanI/5_kAyapachchavekkhaNA/
५ ठायीभावनिद्देस 	 09_byAkaraNa_gantha-sangaho/12_subodhAlankAraTIkA/5_ThAyIbhAvaniddesa/
५ पकिण्णककण्डो 	 11_pakiNNaka-gantha-sangaho/02_sImavisodhanIpATha/5_pakiNNakakaNDo/
५ पञ्‍चमकण्ड 	 09_byAkaraNa_gantha-sangaho/06_mogallAnapanchikA/5_pa~nchamakaNDa/
५ स्वादयो 	 12_sihaLa-gantha-sangaho/14_kachchAyanadhAtumanjusA/5_svAdayo/
५० एकपञ्ञासतिम परिच्छेद 	 08_vaMsa-gantha-sangaho/02_mahAvaMsa/50_ekapa~n~nAsatima_parichCheda/
५१ द्विपञ्‍ञासतिम परिच्छेद 	 08_vaMsa-gantha-sangaho/02_mahAvaMsa/51_dvipa~n~nAsatima_parichCheda/
५२ तिवञ्ञासतिम पच्छेद 	 08_vaMsa-gantha-sangaho/02_mahAvaMsa/52_tiva~n~nAsatima_pachCheda/
५३ चतुपञ्‍ञासतिम परिच्छेद 	 08_vaMsa-gantha-sangaho/02_mahAvaMsa/53_chatupa~n~nAsatima_parichCheda/
५४ पञ्‍चपञ्‍ञासतिम परिच्छेद 	 08_vaMsa-gantha-sangaho/02_mahAvaMsa/54_pa~nchapa~n~nAsatima_parichCheda/
५५ छपञ्‍ञासतिम परिच्छेद 	 08_vaMsa-gantha-sangaho/02_mahAvaMsa/55_Chapa~n~nAsatima_parichCheda/
५६ सत्तपञ्ञासतिम परिच्छेद 	 08_vaMsa-gantha-sangaho/02_mahAvaMsa/56_sattapa~n~nAsatima_parichCheda/
५७ अट्ठपञ्‍ञासतिम परिच्छेद 	 08_vaMsa-gantha-sangaho/02_mahAvaMsa/57_aTThapa~n~nAsatima_parichCheda/
५८ एकूनसट्ठिम परिच्छेद 	 08_vaMsa-gantha-sangaho/02_mahAvaMsa/58_ekUnasaTThima_parichCheda/
५९ सट्ठिम परिच्छेद 	 08_vaMsa-gantha-sangaho/02_mahAvaMsa/59_saTThima_parichCheda/
६ कियादयो 	 12_sihaLa-gantha-sangaho/14_kachchAyanadhAtumanjusA/6_kiyAdayo/
६ छट्ठकण्ड 	 09_byAkaraNa_gantha-sangaho/06_mogallAnapanchikA/6_ChaTThakaNDa/
६० एकसट्ठिम परिच्छेद 	 08_vaMsa-gantha-sangaho/02_mahAvaMsa/60_ekasaTThima_parichCheda/
६१ द्विसट्ठिमपरिच्छेद 	 08_vaMsa-gantha-sangaho/02_mahAvaMsa/61_dvisaTThimaparichCheda/
६२ तिसट्ठिम परिच्छेद 	 08_vaMsa-gantha-sangaho/02_mahAvaMsa/62_tisaTThima_parichCheda/
७ तनादयो 	 12_sihaLa-gantha-sangaho/14_kachchAyanadhAtumanjusA/7_tanAdayo/
Categories 	 categories/
Tags 	 tags/
